Update on Sun Feb  9 09:50:32 UTC 2025
Update on Sun Feb  9 09:50:51 UTC 2025
Update on Sun Feb  9 09:51:09 UTC 2025
Update on Mon Feb 10 00:37:36 UTC 2025
Update on Tue Feb 11 00:36:24 UTC 2025
Update on Wed Feb 12 00:36:21 UTC 2025
Update on Thu Feb 13 00:36:23 UTC 2025
Update on Fri Feb 14 00:36:30 UTC 2025
Update on Sat Feb 15 00:35:45 UTC 2025
Update on Sun Feb 16 00:40:03 UTC 2025
Update on Mon Feb 17 00:38:43 UTC 2025
Update on Tue Feb 18 00:36:19 UTC 2025
Update on Wed Feb 19 00:36:41 UTC 2025
Update on Thu Feb 20 00:37:00 UTC 2025
Update on Fri Feb 21 00:37:09 UTC 2025
Update on Sat Feb 22 00:35:29 UTC 2025
Update on Sun Feb 23 00:39:49 UTC 2025
Update on Mon Feb 24 00:38:22 UTC 2025
Update on Tue Feb 25 00:37:26 UTC 2025
Update on Wed Feb 26 00:37:08 UTC 2025
Update on Thu Feb 27 00:37:25 UTC 2025
Update on Fri Feb 28 00:37:17 UTC 2025
Update on Sat Mar  1 00:40:47 UTC 2025
Update on Sun Mar  2 00:40:23 UTC 2025
Update on Mon Mar  3 00:39:24 UTC 2025
Update on Tue Mar  4 00:38:07 UTC 2025
Update on Wed Mar  5 00:38:12 UTC 2025
Update on Thu Mar  6 00:37:58 UTC 2025
Update on Fri Mar  7 00:38:05 UTC 2025
Update on Sat Mar  8 00:29:54 UTC 2025
Update on Sun Mar  9 00:33:37 UTC 2025
Update on Mon Mar 10 00:32:41 UTC 2025
Update on Tue Mar 11 00:38:07 UTC 2025
Update on Wed Mar 12 00:37:47 UTC 2025
Update on Thu Mar 13 00:38:35 UTC 2025
Update on Fri Mar 14 00:37:47 UTC 2025
Update on Sat Mar 15 00:37:35 UTC 2025
Update on Sun Mar 16 00:41:50 UTC 2025
Update on Mon Mar 17 00:40:17 UTC 2025
Update on Tue Mar 18 00:38:19 UTC 2025
Update on Wed Mar 19 00:38:43 UTC 2025
Update on Thu Mar 20 00:38:02 UTC 2025
Update on Fri Mar 21 00:38:55 UTC 2025
Update on Sat Mar 22 00:37:32 UTC 2025
Update on Sun Mar 23 00:42:07 UTC 2025
Update on Mon Mar 24 00:40:41 UTC 2025
Update on Tue Mar 25 00:39:11 UTC 2025
Update on Wed Mar 26 00:38:49 UTC 2025
Update on Thu Mar 27 00:38:56 UTC 2025
Update on Fri Mar 28 00:38:47 UTC 2025
Update on Sat Mar 29 00:38:40 UTC 2025
Update on Sun Mar 30 00:42:54 UTC 2025
Update on Mon Mar 31 00:41:56 UTC 2025
Update on Tue Apr  1 00:45:06 UTC 2025
Update on Wed Apr  2 00:39:50 UTC 2025
Update on Thu Apr  3 00:39:02 UTC 2025
Update on Fri Apr  4 00:39:11 UTC 2025
Update on Sat Apr  5 00:38:36 UTC 2025
Update on Sun Apr  6 00:42:32 UTC 2025
Update on Mon Apr  7 00:41:06 UTC 2025
Update on Tue Apr  8 00:39:10 UTC 2025
Update on Wed Apr  9 00:39:15 UTC 2025
Update on Thu Apr 10 00:39:19 UTC 2025
Update on Fri Apr 11 00:40:04 UTC 2025
Update on Sat Apr 12 00:38:55 UTC 2025
Update on Sun Apr 13 02:06:47 UTC 2025
Update on Mon Apr 14 00:42:54 UTC 2025
Update on Tue Apr 15 00:40:59 UTC 2025
Update on Wed Apr 16 00:40:51 UTC 2025
Update on Thu Apr 17 00:39:56 UTC 2025
Update on Fri Apr 18 00:39:33 UTC 2025
Update on Sat Apr 19 00:38:11 UTC 2025
Update on Sun Apr 20 00:43:53 UTC 2025
Update on Mon Apr 21 00:42:57 UTC 2025
Update on Tue Apr 22 00:40:36 UTC 2025
Update on Wed Apr 23 00:40:29 UTC 2025
Update on Thu Apr 24 00:40:31 UTC 2025
Update on Fri Apr 25 00:40:37 UTC 2025
Update on Sat Apr 26 00:39:21 UTC 2025
Update on Sun Apr 27 00:43:50 UTC 2025
Update on Mon Apr 28 00:42:35 UTC 2025
Update on Tue Apr 29 00:41:00 UTC 2025
Update on Wed Apr 30 00:41:04 UTC 2025
Update on Thu May  1 00:46:09 UTC 2025
Update on Fri May  2 00:41:22 UTC 2025
Update on Sat May  3 00:40:10 UTC 2025
Update on Sun May  4 00:45:48 UTC 2025
Update on Mon May  5 00:44:06 UTC 2025
Update on Tue May  6 00:41:52 UTC 2025
Update on Wed May  7 00:41:32 UTC 2025
Update on Thu May  8 00:42:17 UTC 2025
Update on Fri May  9 00:41:41 UTC 2025
Update on Sat May 10 00:39:25 UTC 2025
Update on Sun May 11 00:44:49 UTC 2025
Update on Mon May 12 00:44:08 UTC 2025
Update on Tue May 13 00:42:02 UTC 2025
Update on Wed May 14 00:41:40 UTC 2025
Update on Thu May 15 00:40:52 UTC 2025
Update on Fri May 16 00:42:30 UTC 2025
Update on Sat May 17 00:40:58 UTC 2025
Update on Sun May 18 00:45:33 UTC 2025
Update on Mon May 19 00:44:37 UTC 2025
Update on Tue May 20 00:43:02 UTC 2025
Update on Wed May 21 00:42:33 UTC 2025
Update on Thu May 22 00:41:47 UTC 2025
Update on Fri May 23 00:42:07 UTC 2025
Update on Sat May 24 00:40:22 UTC 2025
Update on Sun May 25 00:47:09 UTC 2025
Update on Mon May 26 00:43:39 UTC 2025
Update on Tue May 27 00:41:25 UTC 2025
Update on Wed May 28 00:42:28 UTC 2025
Update on Thu May 29 00:42:24 UTC 2025
Update on Fri May 30 00:42:15 UTC 2025
Update on Sat May 31 00:40:55 UTC 2025
Update on Sun Jun  1 00:53:56 UTC 2025
Update on Mon Jun  2 00:44:54 UTC 2025
Update on Tue Jun  3 00:43:29 UTC 2025
Update on Wed Jun  4 00:43:14 UTC 2025
Update on Thu Jun  5 00:42:47 UTC 2025
Update on Fri Jun  6 00:42:17 UTC 2025
Update on Sat Jun  7 00:42:22 UTC 2025
Update on Sun Jun  8 00:48:15 UTC 2025
Update on Mon Jun  9 00:45:49 UTC 2025
Update on Tue Jun 10 00:42:57 UTC 2025
Update on Wed Jun 11 00:43:01 UTC 2025
Update on Thu Jun 12 00:42:43 UTC 2025
Update on Fri Jun 13 00:43:19 UTC 2025
Update on Sat Jun 14 00:41:27 UTC 2025
Update on Sun Jun 15 00:49:16 UTC 2025
Update on Mon Jun 16 00:45:06 UTC 2025
Update on Tue Jun 17 00:43:06 UTC 2025
Update on Wed Jun 18 00:43:21 UTC 2025
Update on Thu Jun 19 00:43:26 UTC 2025
Update on Fri Jun 20 00:43:10 UTC 2025
Update on Sat Jun 21 00:42:29 UTC 2025
Update on Sun Jun 22 00:48:56 UTC 2025
Update on Mon Jun 23 00:46:58 UTC 2025
Update on Tue Jun 24 00:43:46 UTC 2025
Update on Wed Jun 25 00:44:04 UTC 2025
Update on Thu Jun 26 00:43:31 UTC 2025
Update on Fri Jun 27 00:44:11 UTC 2025
Update on Sat Jun 28 00:42:04 UTC 2025
Update on Sun Jun 29 00:50:24 UTC 2025
Update on Mon Jun 30 00:47:32 UTC 2025
Update on Tue Jul  1 00:51:14 UTC 2025
Update on Wed Jul  2 00:43:28 UTC 2025
Update on Thu Jul  3 00:43:51 UTC 2025
Update on Fri Jul  4 00:43:08 UTC 2025
Update on Sat Jul  5 00:41:41 UTC 2025
Update on Sun Jul  6 00:49:34 UTC 2025
Update on Mon Jul  7 00:48:17 UTC 2025
Update on Tue Jul  8 00:43:33 UTC 2025
Update on Wed Jul  9 00:44:43 UTC 2025
Update on Thu Jul 10 00:44:07 UTC 2025
Update on Fri Jul 11 00:44:48 UTC 2025
Update on Sat Jul 12 00:45:22 UTC 2025
Update on Sun Jul 13 00:51:27 UTC 2025
Update on Mon Jul 14 00:48:52 UTC 2025
Update on Tue Jul 15 00:46:43 UTC 2025
Update on Wed Jul 16 00:45:26 UTC 2025
Update on Thu Jul 17 00:46:14 UTC 2025
Update on Fri Jul 18 00:45:02 UTC 2025
Update on Sat Jul 19 00:44:33 UTC 2025
Update on Sun Jul 20 00:52:19 UTC 2025
Update on Mon Jul 21 00:50:46 UTC 2025
Update on Tue Jul 22 00:46:13 UTC 2025
Update on Wed Jul 23 00:46:46 UTC 2025
Update on Thu Jul 24 00:46:08 UTC 2025
Update on Fri Jul 25 00:45:59 UTC 2025
Update on Sat Jul 26 00:44:26 UTC 2025
Update on Sun Jul 27 00:52:41 UTC 2025
Update on Mon Jul 28 00:51:25 UTC 2025
Update on Tue Jul 29 00:52:42 UTC 2025
Update on Wed Jul 30 00:47:06 UTC 2025
Update on Thu Jul 31 00:47:18 UTC 2025
Update on Fri Aug  1 00:54:17 UTC 2025
Update on Sat Aug  2 00:44:23 UTC 2025
Update on Sun Aug  3 00:53:18 UTC 2025
Update on Mon Aug  4 00:52:59 UTC 2025
Update on Tue Aug  5 00:49:05 UTC 2025
Update on Wed Aug  6 00:47:43 UTC 2025
Update on Thu Aug  7 00:48:46 UTC 2025
Update on Fri Aug  8 00:48:03 UTC 2025
Update on Sat Aug  9 00:43:05 UTC 2025
Update on Sun Aug 10 00:51:53 UTC 2025
Update on Mon Aug 11 00:49:49 UTC 2025
Update on Tue Aug 12 00:43:15 UTC 2025
Update on Wed Aug 13 00:44:20 UTC 2025
Update on Thu Aug 14 00:43:53 UTC 2025
Update on Fri Aug 15 00:44:33 UTC 2025
Update on Sat Aug 16 00:41:25 UTC 2025
Update on Sun Aug 17 00:48:37 UTC 2025
Update on Mon Aug 18 00:48:31 UTC 2025
Update on Tue Aug 19 00:42:32 UTC 2025
Update on Wed Aug 20 00:40:49 UTC 2025
Update on Thu Aug 21 00:39:45 UTC 2025
Update on Fri Aug 22 00:41:17 UTC 2025
Update on Sat Aug 23 00:39:30 UTC 2025
Update on Sun Aug 24 00:46:37 UTC 2025
Update on Mon Aug 25 00:43:16 UTC 2025
Update on Tue Aug 26 00:41:17 UTC 2025
Update on Wed Aug 27 00:40:34 UTC 2025
Update on Thu Aug 28 00:40:00 UTC 2025
Update on Fri Aug 29 00:40:10 UTC 2025
Update on Sat Aug 30 00:38:00 UTC 2025
Update on Sun Aug 31 00:43:41 UTC 2025
Update on Mon Sep  1 00:50:46 UTC 2025
Update on Tue Sep  2 00:40:25 UTC 2025
Update on Wed Sep  3 00:38:01 UTC 2025
Update on Thu Sep  4 00:38:24 UTC 2025
Update on Fri Sep  5 00:39:16 UTC 2025
Update on Sat Sep  6 00:37:34 UTC 2025
Update on Sun Sep  7 00:43:18 UTC 2025
Update on Mon Sep  8 00:42:11 UTC 2025
Update on Tue Sep  9 00:39:47 UTC 2025
Update on Wed Sep 10 00:38:57 UTC 2025
Update on Thu Sep 11 00:39:27 UTC 2025
Update on Fri Sep 12 00:38:12 UTC 2025
Update on Sat Sep 13 00:36:32 UTC 2025
Update on Sun Sep 14 00:42:15 UTC 2025
Update on Mon Sep 15 00:42:47 UTC 2025
Update on Tue Sep 16 00:38:37 UTC 2025
Update on Wed Sep 17 00:38:56 UTC 2025
Update on Thu Sep 18 00:38:10 UTC 2025
Update on Fri Sep 19 00:40:06 UTC 2025
Update on Sat Sep 20 00:37:38 UTC 2025
Update on Sun Sep 21 00:43:22 UTC 2025
Update on Mon Sep 22 00:43:24 UTC 2025
Update on Tue Sep 23 00:39:16 UTC 2025
Update on Wed Sep 24 00:39:53 UTC 2025
Update on Thu Sep 25 00:39:56 UTC 2025
Update on Fri Sep 26 00:39:21 UTC 2025
Update on Sat Sep 27 00:38:00 UTC 2025
Update on Sun Sep 28 00:44:21 UTC 2025
Update on Mon Sep 29 00:41:15 UTC 2025
Update on Tue Sep 30 00:40:01 UTC 2025
Update on Wed Oct  1 00:45:08 UTC 2025
Update on Thu Oct  2 00:38:00 UTC 2025
Update on Fri Oct  3 00:38:32 UTC 2025
Update on Sat Oct  4 00:36:32 UTC 2025
Update on Sun Oct  5 00:43:27 UTC 2025
Update on Mon Oct  6 00:40:29 UTC 2025
Update on Tue Oct  7 00:39:06 UTC 2025
Update on Wed Oct  8 00:38:51 UTC 2025
Update on Thu Oct  9 00:39:19 UTC 2025
Update on Fri Oct 10 00:39:09 UTC 2025
Update on Sat Oct 11 00:36:54 UTC 2025
Update on Sun Oct 12 00:41:35 UTC 2025
Update on Mon Oct 13 00:42:53 UTC 2025
Update on Tue Oct 14 00:39:00 UTC 2025
Update on Wed Oct 15 00:41:04 UTC 2025
Update on Thu Oct 16 00:40:26 UTC 2025
Update on Fri Oct 17 00:39:58 UTC 2025
Update on Sat Oct 18 00:37:18 UTC 2025
Update on Sun Oct 19 00:45:10 UTC 2025
Update on Mon Oct 20 00:43:52 UTC 2025
Update on Tue Oct 21 00:41:11 UTC 2025
Update on Wed Oct 22 00:42:27 UTC 2025
Update on Thu Oct 23 00:40:46 UTC 2025
Update on Fri Oct 24 00:37:48 UTC 2025
Update on Sat Oct 25 00:39:51 UTC 2025
Update on Sun Oct 26 00:44:00 UTC 2025
Update on Mon Oct 27 00:45:03 UTC 2025
Update on Tue Oct 28 00:39:58 UTC 2025
Update on Wed Oct 29 00:43:16 UTC 2025
Update on Thu Oct 30 00:42:57 UTC 2025
Update on Fri Oct 31 00:41:21 UTC 2025
Update on Sat Nov  1 00:44:41 UTC 2025
Update on Sun Nov  2 00:45:00 UTC 2025
Update on Mon Nov  3 00:44:26 UTC 2025
Update on Tue Nov  4 00:41:29 UTC 2025
Update on Wed Nov  5 00:43:25 UTC 2025
Update on Thu Nov  6 00:42:06 UTC 2025
